{"type": "metrics", "dataset": "train", "precision": 0.9993645414107181, "balanced_accuracy": 0.9989558447751893, "recall": 0.9980960440025386, "f1_score": 0.9987298899237934}
{"type": "metrics", "dataset": "test", "precision": 0.6514767932489451, "balanced_accuracy": 0.6730786832466567, "recall": 0.4044002095337873, "f1_score": 0.49903038138332256}
{"type": "cm_matrix", "dataset": "train", "true_0": {"predicted_0": 16270, "predicted_1": 3}, "true_1": {"predicted_0": 9, "predicted_1": 4718}}
{"type": "cm_matrix", "dataset": "test", "true_0": {"predicted_0": 6678, "predicted_1": 413}, "true_1": {"predicted_0": 1137, "predicted_1": 772}}
